eps,clean_acc,adv_acc
0.0,90.0390625,90.0390625
0.05,90.0390625,7.91015625
0.1,90.0390625,11.1328125
0.15,90.0390625,11.23046875
0.2,90.0390625,11.328125
0.3,90.0390625,12.5
