eps,clean_acc,adv_acc
0.0001,89.84375,89.84375
0.05,89.84375,6.25
0.1,89.84375,14.84375
0.15,89.84375,14.84375
0.2,89.84375,14.84375
0.3,89.84375,14.84375
