eps,clean_acc,adv_acc,target_success_rate
0.0,89.49671772428884,89.49671772428884,0.9846827133479212
0.05,89.49671772428884,11.37855579868709,3.2822757111597376
0.1,89.49671772428884,12.910284463894968,0.10940919037199125
0.15,89.49671772428884,12.910284463894968,0.0
0.2,89.49671772428884,13.019693654266959,0.0
0.3,89.49671772428884,13.347921225382931,0.0
