eps,clean_acc,adv_acc
0.0001,100.0,100.0
0.05,100.0,96.09375
0.1,100.0,42.96875
0.15,100.0,21.875
0.2,100.0,11.71875
0.3,100.0,4.6875
