eps,clean_acc,adv_acc,target_success_rate
0.0,99.46409431939979,99.46409431939979,0.0
0.05,99.46409431939979,95.81993569131832,0.857449088960343
0.1,99.46409431939979,43.51554126473741,22.936763129689176
0.15,99.46409431939979,16.934619506966772,46.62379421221865
0.2,99.46409431939979,7.288317256162915,64.30868167202573
0.3,99.46409431939979,1.0718113612004287,95.81993569131832
